{"loss": [48.39496994018555, 22.534358978271484, 10.728667259216309, 8.159013748168945, 7.251245975494385, 6.182252883911133, 6.066437721252441, 5.648289203643799, 5.659634590148926, 5.2244768142700195, 5.259794235229492, 4.913089752197266, 4.9744110107421875, 4.7512311935424805, 4.845589637756348, 4.636435031890869, 4.677997589111328, 4.670240879058838, 4.419366836547852, 4.544404029846191, 4.325582027435303, 4.301208019256592, 4.384993076324463, 4.303244590759277, 4.235583305358887, 4.1558003425598145, 4.3225297927856445, 4.14937686920166, 4.166158676147461, 4.025325775146484, 4.07551908493042, 4.011701583862305, 3.8369839191436768, 3.677776575088501, 3.612266778945923, 3.7230005264282227, 3.394972085952759, 3.400723934173584, 3.234149217605591, 3.420963764190674, 3.322582960128784, 3.096407890319824, 3.161532402038574, 3.1285605430603027, 3.1011569499969482, 3.1176886558532715, 3.261296272277832, 3.161125659942627, 2.994497060775757, 3.030857563018799, 2.9985549449920654, 3.100543737411499, 2.9132328033447266, 2.9266579151153564, 2.971959352493286, 3.0248801708221436, 2.939152240753174, 2.8862714767456055, 2.8320274353027344, 2.8621246814727783, 2.996690273284912, 2.83254337310791, 2.8262617588043213, 2.8679723739624023, 2.8382999897003174, 2.898819923400879, 2.7421658039093018, 2.847728729248047, 2.870286464691162, 2.8183836936950684, 2.7945828437805176, 2.7792818546295166, 2.753530502319336, 2.7130160331726074, 2.699678421020508, 2.6626651287078857, 2.709017038345337, 2.6541836261749268, 2.795879364013672, 2.7642343044281006, 2.600795269012451, 2.66715145111084, 2.7923879623413086, 2.662923574447632, 2.6720778942108154, 2.6670660972595215, 2.6312825679779053, 2.582763433456421, 2.737189531326294, 2.678682565689087, 2.5347330570220947, 2.655024528503418, 2.5800302028656006, 2.5783660411834717, 2.6522603034973145, 2.5307915210723877, 2.586139678955078, 2.5868053436279297, 2.6041767597198486, 2.5743613243103027], "mean_absolute_percentage_error": [48.39496994018555, 22.534358978271484, 10.728667259216309, 8.159013748168945, 7.251245975494385, 6.182252883911133, 6.066437721252441, 5.648289203643799, 5.659634590148926, 5.2244768142700195, 5.259794235229492, 4.913089752197266, 4.9744110107421875, 4.7512311935424805, 4.845589637756348, 4.636435031890869, 4.677997589111328, 4.670240879058838, 4.419366836547852, 4.544404029846191, 4.325582027435303, 4.301208019256592, 4.384993076324463, 4.303244590759277, 4.235583305358887, 4.1558003425598145, 4.3225297927856445, 4.14937686920166, 4.166158676147461, 4.025325775146484, 4.07551908493042, 4.011701583862305, 3.8369839191436768, 3.677776575088501, 3.612266778945923, 3.7230005264282227, 3.394972085952759, 3.400723934173584, 3.234149217605591, 3.420963764190674, 3.322582960128784, 3.096407890319824, 3.161532402038574, 3.1285605430603027, 3.1011569499969482, 3.1176886558532715, 3.261296272277832, 3.161125659942627, 2.994497060775757, 3.030857563018799, 2.9985549449920654, 3.100543737411499, 2.9132328033447266, 2.9266579151153564, 2.971959352493286, 3.0248801708221436, 2.939152240753174, 2.8862714767456055, 2.8320274353027344, 2.8621246814727783, 2.996690273284912, 2.83254337310791, 2.8262617588043213, 2.8679723739624023, 2.8382999897003174, 2.898819923400879, 2.7421658039093018, 2.847728729248047, 2.870286464691162, 2.8183836936950684, 2.7945828437805176, 2.7792818546295166, 2.753530502319336, 2.7130160331726074, 2.699678421020508, 2.6626651287078857, 2.709017038345337, 2.6541836261749268, 2.795879364013672, 2.7642343044281006, 2.600795269012451, 2.66715145111084, 2.7923879623413086, 2.662923574447632, 2.6720778942108154, 2.6670660972595215, 2.6312825679779053, 2.582763433456421, 2.737189531326294, 2.678682565689087, 2.5347330570220947, 2.655024528503418, 2.5800302028656006, 2.5783660411834717, 2.6522603034973145, 2.5307915210723877, 2.586139678955078, 2.5868053436279297, 2.6041767597198486, 2.5743613243103027], "r2_score": [-1.6886099576950073, 0.6671910285949707, 0.8028032183647156, 0.8646129369735718, 0.8775749802589417, 0.9134361743927002, 0.9126324653625488, 0.9108363389968872, 0.8904605507850647, 0.9226046204566956, 0.913580060005188, 0.9174658060073853, 0.9260740280151367, 0.8798359036445618, 0.9081306457519531, 0.9373643398284912, 0.9045730233192444, 0.9133096933364868, 0.9342540502548218, 0.9398744702339172, 0.9429972767829895, 0.936664342880249, 0.9305915832519531, 0.9380854368209839, 0.9449987411499023, 0.9378175735473633, 0.9474937915802002, 0.9507265090942383, 0.9505373239517212, 0.9373964071273804, 0.9472914934158325, 0.9513044357299805, 0.9535223245620728, 0.9503535032272339, 0.9630809426307678, 0.9289796948432922, 0.9713537693023682, 0.9721687436103821, 0.967414140701294, 0.9720581769943237, 0.9630606174468994, 0.9578404426574707, 0.9677727222442627, 0.9731571674346924, 0.9648160934448242, 0.9580758213996887, 0.9666470289230347, 0.974852442741394, 0.9569796323776245, 0.9769068360328674, 0.9660180807113647, 0.9746395349502563, 0.9743061661720276, 0.9683583974838257, 0.9747719764709473, 0.9708141088485718, 0.9702608585357666, 0.977977991104126, 0.9558625817298889, 0.9771871566772461, 0.9691762924194336, 0.9794881939888, 0.9797780513763428, 0.9479365348815918, 0.9792270660400391, 0.9756098985671997, 0.9805929660797119, 0.9784964323043823, 0.9759364128112793, 0.9780794382095337, 0.9077188968658447, 0.9808200597763062, 0.9745738506317139, 0.9797524213790894, 0.9791746139526367, 0.9629360437393188, 0.9672744274139404, 0.9490411877632141, 0.9750804901123047, 0.9764109253883362, 0.9772223830223083, 0.9821808338165283, 0.9741567373275757, 0.9671244621276855, 0.9809497594833374, 0.9782677292823792, 0.9761637449264526, 0.9815977811813354, 0.97821444272995, 0.9828424453735352, 0.9805384874343872, 0.9774943590164185, 0.9820573329925537, 0.9777189493179321, 0.9823354482650757, 0.9806774854660034, 0.9736024141311646, 0.9767562747001648, 0.9811923503875732, 0.9811375737190247]}