{"loss": [44.359703063964844, 14.117578506469727, 10.584439277648926, 8.280055046081543, 7.223741054534912, 6.784290313720703, 6.244460105895996, 5.9547014236450195, 5.390007495880127, 5.2144856452941895, 5.146129131317139, 4.773865699768066, 4.770341873168945, 4.676082134246826, 4.470616340637207, 4.244644641876221, 4.114412784576416, 4.179815292358398, 4.11618709564209, 3.8701202869415283, 3.9435060024261475, 3.725374460220337, 3.8263742923736572, 3.910661458969116, 3.5914106369018555, 3.5701889991760254, 3.839569091796875, 3.4847702980041504, 3.499303102493286, 3.5111541748046875, 3.6157853603363037, 3.563892364501953, 3.3450658321380615, 3.3597450256347656, 3.439765214920044, 3.4490137100219727, 3.3338091373443604, 3.2347307205200195, 3.265146255493164, 3.4213263988494873, 3.288614273071289, 3.2605655193328857, 3.1942412853240967, 3.196850299835205, 3.2959017753601074, 3.156395435333252, 3.268603563308716, 3.088811159133911, 3.0202348232269287, 3.165099859237671, 3.1432666778564453, 3.038599729537964, 3.0062973499298096, 2.9696390628814697, 3.139962911605835, 2.989919424057007, 2.9917044639587402, 3.0330233573913574, 3.02689528465271, 3.0145974159240723, 2.9354000091552734, 3.085484743118286, 2.929417133331299, 2.9336962699890137, 2.9220569133758545, 2.955918073654175, 2.9042344093322754, 2.933022975921631, 2.870187997817993, 2.8910906314849854, 2.9233367443084717, 2.8966352939605713, 2.820119619369507, 2.86549973487854, 2.915573835372925, 2.876502513885498, 2.8466053009033203, 2.821035146713257, 2.8209280967712402, 2.9368398189544678, 2.74503231048584, 2.798945665359497, 2.8100783824920654, 2.9483070373535156, 2.7482268810272217, 2.7897720336914062, 2.788471221923828, 2.7747690677642822, 2.74045991897583, 2.7610998153686523, 2.7639129161834717, 2.773634433746338, 2.7091426849365234, 2.7969374656677246, 2.7431960105895996, 2.7657089233398438, 2.7795357704162598, 2.8119897842407227, 2.670635938644409, 2.76936411857605], "mean_absolute_percentage_error": [44.359703063964844, 14.117578506469727, 10.584439277648926, 8.280055046081543, 7.223741054534912, 6.784290313720703, 6.244460105895996, 5.9547014236450195, 5.390007495880127, 5.2144856452941895, 5.146129131317139, 4.773865699768066, 4.770341873168945, 4.676082134246826, 4.470616340637207, 4.244644641876221, 4.114412784576416, 4.179815292358398, 4.11618709564209, 3.8701202869415283, 3.9435060024261475, 3.725374460220337, 3.8263742923736572, 3.910661458969116, 3.5914106369018555, 3.5701889991760254, 3.839569091796875, 3.4847702980041504, 3.499303102493286, 3.5111541748046875, 3.6157853603363037, 3.563892364501953, 3.3450658321380615, 3.3597450256347656, 3.439765214920044, 3.4490137100219727, 3.3338091373443604, 3.2347307205200195, 3.265146255493164, 3.4213263988494873, 3.288614273071289, 3.2605655193328857, 3.1942412853240967, 3.196850299835205, 3.2959017753601074, 3.156395435333252, 3.268603563308716, 3.088811159133911, 3.0202348232269287, 3.165099859237671, 3.1432666778564453, 3.038599729537964, 3.0062973499298096, 2.9696390628814697, 3.139962911605835, 2.989919424057007, 2.9917044639587402, 3.0330233573913574, 3.02689528465271, 3.0145974159240723, 2.9354000091552734, 3.085484743118286, 2.929417133331299, 2.9336962699890137, 2.9220569133758545, 2.955918073654175, 2.9042344093322754, 2.933022975921631, 2.870187997817993, 2.8910906314849854, 2.9233367443084717, 2.8966352939605713, 2.820119619369507, 2.86549973487854, 2.915573835372925, 2.876502513885498, 2.8466053009033203, 2.821035146713257, 2.8209280967712402, 2.9368398189544678, 2.74503231048584, 2.798945665359497, 2.8100783824920654, 2.9483070373535156, 2.7482268810272217, 2.7897720336914062, 2.788471221923828, 2.7747690677642822, 2.74045991897583, 2.7610998153686523, 2.7639129161834717, 2.773634433746338, 2.7091426849365234, 2.7969374656677246, 2.7431960105895996, 2.7657089233398438, 2.7795357704162598, 2.8119897842407227, 2.670635938644409, 2.76936411857605], "r2_score": [0.4593682885169983, 0.6955551505088806, 0.7337915301322937, 0.8245154023170471, 0.8940451145172119, 0.8837457299232483, 0.8941214084625244, 0.8798019289970398, 0.9380450248718262, 0.9479622840881348, 0.9282911419868469, 0.7744975686073303, 0.942436695098877, 0.9352176189422607, 0.9479413032531738, 0.9536200165748596, 0.9306137561798096, 0.8569933772087097, 0.9519124627113342, 0.9415493011474609, 0.9569649696350098, 0.9581609964370728, 0.9444295763969421, 0.8246573805809021, 0.9671795964241028, 0.9534651041030884, 0.9544826745986938, 0.9725123643875122, 0.9709286689758301, 0.9648510217666626, 0.9562351703643799, 0.9591689109802246, 0.9489496946334839, 0.9696459770202637, 0.8761493563652039, 0.9646984338760376, 0.9704620838165283, 0.9735180139541626, 0.9614323973655701, 0.9679995775222778, 0.9765297174453735, 0.9555343985557556, 0.9699380397796631, 0.9504214525222778, 0.9716053605079651, 0.9740798473358154, 0.9554640054702759, 0.9744941592216492, 0.9451653957366943, 0.9759906530380249, 0.9675394296646118, 0.9653778076171875, 0.9767082333564758, 0.973537802696228, 0.9647896885871887, 0.9690407514572144, 0.9724016189575195, 0.9709076881408691, 0.9760183095932007, 0.9728724360466003, 0.964814305305481, 0.9331842660903931, 0.9664676189422607, 0.976913332939148, 0.9738122224807739, 0.9600321054458618, 0.9671762585639954, 0.9794358611106873, 0.9798486828804016, 0.9268307685852051, 0.9786838293075562, 0.9688901901245117, 0.9781611561775208, 0.9794625043869019, 0.9528074264526367, 0.9771225452423096, 0.9753965139389038, 0.961518406867981, 0.9748623371124268, 0.9738621711730957, 0.9770259857177734, 0.9670764803886414, 0.9669811725616455, 0.9786616563796997, 0.9806492328643799, 0.9270710945129395, 0.9510393142700195, 0.9814020991325378, 0.9743461608886719, 0.96973717212677, 0.9532409906387329, 0.972449541091919, 0.9813573956489563, 0.9790934324264526, 0.9794418811798096, 0.9747166633605957, 0.9811618328094482, 0.9800127148628235, 0.9813107252120972, 0.9793531894683838]}